{
  "Total" : {
    "transaction" : "Total",
    "sampleCount" : 5000,
    "errorCount" : 1976,
    "errorPct" : 39.52,
    "meanResTime" : 25.79660000000004,
    "medianResTime" : 16.0,
    "minResTime" : 0.0,
    "maxResTime" : 3030.0,
    "pct1ResTime" : 28.0,
    "pct2ResTime" : 36.0,
    "pct3ResTime" : 461.0,
    "throughput" : 166.61112962345885,
    "receivedKBytesPerSec" : 242.85680814728423,
    "sentKBytesPerSec" : 11.218135621459513
  },
  "HTTP Request" : {
    "transaction" : "HTTP Request",
    "sampleCount" : 5000,
    "errorCount" : 1976,
    "errorPct" : 39.52,
    "meanResTime" : 25.79660000000004,
    "medianResTime" : 16.0,
    "minResTime" : 0.0,
    "maxResTime" : 3030.0,
    "pct1ResTime" : 28.0,
    "pct2ResTime" : 36.0,
    "pct3ResTime" : 461.0,
    "throughput" : 166.61112962345885,
    "receivedKBytesPerSec" : 242.85680814728423,
    "sentKBytesPerSec" : 11.218135621459513
  }
}